id_product,105
108,0.8123623944599239
61,0.8083672763401882
103,0.7963978098028481
146,0.794461346554275
52,0.7906954926148668
